Dataset,Baseline_PPL,Compressed_PPL,Ratio,Degradation (%)
narrativeqa,405.4547119140625,1546.690185546875,3.814705169525077,281.4705169525077
hotpotqa,269.3837890625,1113.2940673828125,4.132743366842004,313.2743366842004
2wikimqa,420.951904296875,1364.1710205078125,3.240681433159013,224.0681433159013
musique,211.1696014404297,664.7886962890625,3.1481268693713824,214.81268693713824
dureader,68.05569458007812,361.1430358886719,5.3065807074194336,430.65807074194333
WikiText,78.16070556640625,5367.87939453125,68.67746850072427,6767.746850072427
