Dataset,Baseline_PPL,Compressed_PPL,Ratio,Degradation (%)
narrativeqa,405.4547119140625,1683.1871337890625,4.15135669738084,315.135669738084
hotpotqa,269.3837890625,1297.14013671875,4.8152123081831,381.52123081831
2wikimqa,420.951904296875,1295.809814453125,3.07828471905251,207.828471905251
musique,211.1696014404297,749.3319702148438,3.5484840862676346,254.84840862676344
dureader,68.05569458007812,1272.390869140625,18.696317435177434,1769.6317435177434
WikiText,78.16070556640625,199864.078125,2557.091529262017,255609.1529262017
