Dataset,Baseline_PPL,Compressed_PPL,Ratio,Degradation (%)
narrativeqa,405.45452880859375,14395.7861328125,35.505303578958014,3450.5303578958014
hotpotqa,269.3836364746094,10708.6865234375,39.752550168157086,3875.2550168157086
2wikimqa,420.9513244628906,19989.37109375,47.486181731950296,4648.618173195029
musique,211.16970825195312,6614.623046875,31.323730574950115,3032.3730574950114
dureader,68.05569458007812,18909458.0,277852.69280809525,27785169.280809525
WikiText,78.16070556640625,6553.8154296875,83.85051519422764,8285.051519422765
