{
  "baseline_perplexity": 10913.9931640625,
  "compressed_perplexity": NaN,
  "longbench_results": {
    "baseline": {
      "narrativeqa": 169.22850036621094,
      "hotpotqa": 54.185264587402344,
      "2wikimqa": 102.30438995361328,
      "musique": 62.729068756103516,
      "dureader": 402.3048095703125
    },
    "compressed": {
      "narrativeqa": 10095.5556640625,
      "hotpotqa": 10002.17578125,
      "2wikimqa": 9505.474609375,
      "musique": 4794.3662109375,
      "dureader": 20236.595703125
    }
  },
  "benchmarks": {
    "1": {
      "actual_size_mb": 0.875,
      "compressed_size_mb": 0.02734375,
      "compression_ratio": 32.0,
      "times": {
        "baseline": {
          "avg": 0.04225997924804688,
          "std_dev": 0.0019815692210217563
        },
        "compressed": {
          "avg": 0.04748954772949219,
          "std_dev": 0.004918089010504393
        }
      },
      "speedup": 0.8898795896892145
    },
    "10": {
      "actual_size_mb": 9.84375,
      "compressed_size_mb": 0.3076171875,
      "compression_ratio": 32.0,
      "times": {
        "baseline": {
          "avg": 0.041765594482421876,
          "std_dev": 0.0008711147439378945
        },
        "compressed": {
          "avg": 0.04389371871948242,
          "std_dev": 0.00023994271439978598
        }
      },
      "speedup": 0.9515164287933533
    },
    "100": {
      "actual_size_mb": 99.96875,
      "compressed_size_mb": 3.1240234375,
      "compression_ratio": 32.0,
      "times": {
        "baseline": {
          "avg": 0.04192848205566406,
          "std_dev": 0.0002931190346786706
        },
        "compressed": {
          "avg": 0.04443516731262207,
          "std_dev": 0.0005208300130607589
        }
      },
      "speedup": 0.9435878064929447
    },
    "1000": {
      "actual_size_mb": 999.90625,
      "compressed_size_mb": 31.2470703125,
      "compression_ratio": 32.0,
      "times": {
        "baseline": {
          "avg": 0.041502761840820315,
          "std_dev": 0.00016909242674328573
        },
        "compressed": {
          "avg": 0.043939733505249025,
          "std_dev": 0.00020933893099350076
        }
      },
      "speedup": 0.9445383148685326
    }
  },
  "config": {
    "models": [
      "Qwen/Qwen2.5-0.5B"
    ],
    "latent_dims": [
      16
    ],
    "learning_rates": [
      0.0005
    ],
    "num_epochs": [
      5
    ],
    "num_train_texts": [
      10000
    ],
    "seed": 42,
    "skip_training": false,
    "quantization_bits": 2,
    "output_dir": "/content/learned-kv-compression/experiment_results_Qwen/Qwen_Qwen2.5-0.5B/benchmark_Qwen_Qwen2.5-0.5B_latent16_lr0.0005_quant2_batch64_runs5",
    "eval_interval": 10000,
    "num_eval_texts": 25,
    "lm_batch_size": 1,
    "buffer_size": 256,
    "batch_size": 64,
    "dtype": "bf16",
    "buffer_mult": 2,
    "gradient_accumulation_steps": 2,
    "device": "cuda",
    "name": "Qwen/Qwen2.5-0.5B",
    "num_hidden_layers": 24,
    "num_attention_heads": 14,
    "max_seq_len": 8192,
    "hidden_size": 896,
    "vocab_size": 151936,
    "model_name": "Qwen/Qwen2.5-0.5B",
    "latent_dim": 16,
    "num_runs": 5,
    "cache_sizes": [
      1,
      10,
      100,
      1000
    ],
    "autoencoder_path": "/content/learned-kv-compression/experiment_results_Qwen/Qwen_Qwen2.5-0.5B/Qwen_Qwen2.5-0.5B_latent16_lr0.0005/autoencoders_final.pth",
    "learning_rate": 0.0005
  }
}