{
  "baseline_perplexity": 82.50992584228516,
  "compressed_perplexity": 463065.9375,
  "longbench_results": {
    "baseline": {
      "narrativeqa": 468.2626037597656,
      "hotpotqa": 235.1893768310547,
      "2wikimqa": 426.66851806640625,
      "musique": 227.4522705078125,
      "dureader": 69.30583953857422
    },
    "compressed": {
      "narrativeqa": 3562.201171875,
      "hotpotqa": 1924.8511962890625,
      "2wikimqa": 2347.830810546875,
      "musique": 1233.691162109375,
      "dureader": 2192.2802734375
    }
  },
  "benchmarks": {
    "1": {
      "actual_size_mb": 0.9375,
      "compressed_size_mb": 0.46875,
      "compression_ratio": 2.0,
      "times": {
        "baseline": {
          "avg": 0.007702779769897461,
          "std_dev": 0.000522215075248147
        },
        "compressed": {
          "avg": 0.008013534545898437,
          "std_dev": 0.0008795611267803278
        }
      },
      "speedup": 0.96122125958014
    },
    "10": {
      "actual_size_mb": 9.9375,
      "compressed_size_mb": 4.96875,
      "compression_ratio": 2.0,
      "times": {
        "baseline": {
          "avg": 0.007407569885253906,
          "std_dev": 4.1086266362936535e-05
        },
        "compressed": {
          "avg": 0.007590627670288086,
          "std_dev": 8.404579223976743e-05
        }
      },
      "speedup": 0.9758837090968483
    },
    "100": {
      "actual_size_mb": 99.9375,
      "compressed_size_mb": 49.96875,
      "compression_ratio": 2.0,
      "times": {
        "baseline": {
          "avg": 0.00747385025024414,
          "std_dev": 0.0001498145102070143
        },
        "compressed": {
          "avg": 0.007579803466796875,
          "std_dev": 5.27108916810716e-05
        }
      },
      "speedup": 0.986021640664318
    },
    "1000": {
      "actual_size_mb": 192.0,
      "compressed_size_mb": 96.0,
      "compression_ratio": 2.0,
      "times": {
        "baseline": {
          "avg": 0.007438135147094726,
          "std_dev": 6.282361680153196e-05
        },
        "compressed": {
          "avg": 0.007755708694458008,
          "std_dev": 0.00012649883186700972
        }
      },
      "speedup": 0.9590529299288653
    }
  },
  "config": {
    "models": [
      "distilgpt2"
    ],
    "latent_dims": [
      16,
      32
    ],
    "learning_rates": [
      0.0005
    ],
    "num_epochs": [
      10
    ],
    "num_train_texts": [
      50000
    ],
    "seed": 42,
    "skip_training": false,
    "quantization_bits": 16,
    "output_dir": "/content/learned-kv-compression/experiment_results_distilgpt2/distilgpt2/benchmark_distilgpt2_latent32_lr0.0005_quant16_batch64_runs5",
    "eval_interval": 10000,
    "num_eval_texts": 50,
    "lm_batch_size": 1,
    "buffer_size": 256,
    "batch_size": 64,
    "dtype": "bf16",
    "buffer_mult": 2,
    "gradient_accumulation_steps": 2,
    "device": "cuda",
    "name": "distilgpt2",
    "num_hidden_layers": 6,
    "num_attention_heads": 12,
    "max_seq_len": 1024,
    "hidden_size": 768,
    "vocab_size": 50257,
    "cache_sizes": [
      1,
      10,
      100,
      1000
    ],
    "model_name": "distilgpt2",
    "latent_dim": 32,
    "num_runs": 5,
    "autoencoder_path": "/content/learned-kv-compression/experiment_results_distilgpt2/distilgpt2/distilgpt2_latent32_lr0.0005/autoencoders_final.pth",
    "learning_rate": 0.0005
  }
}