Dataset,Baseline_PPL,Compressed_PPL,Ratio,Degradation (%)
narrativeqa,405.4547119140625,2609.982421875,6.4371737340376365,543.7173734037636
hotpotqa,269.3837890625,1869.2584228515625,6.9390160015080715,593.9016001508071
2wikimqa,420.951904296875,2829.501953125,6.721675146834595,572.1675146834596
musique,211.1696014404297,1308.406982421875,6.196000624602082,519.6000624602082
dureader,68.05569458007812,2916.110107421875,42.84887731166445,4184.8877311664455
WikiText,86.18492889404297,2911.947265625,33.7871980982312,3278.71980982312
