Dataset,Baseline_PPL,Compressed_PPL,Ratio,Degradation (%)
narrativeqa,405.4547119140625,2289.621337890625,5.647045824382769,464.7045824382769
hotpotqa,269.3837890625,1848.7269287109375,6.862799484500578,586.2799484500579
2wikimqa,420.951904296875,2179.031982421875,5.176439303823934,417.6439303823934
musique,211.1696014404297,1040.8341064453125,4.9289012213196255,392.8901221319626
dureader,68.05569458007812,2426.2236328125,35.65056014464256,3465.0560144642564
WikiText,78.16070556640625,132631.90625,1696.9128577954607,169591.28577954607
