{
  "baseline_perplexity": 78.16070556640625,
  "compressed_perplexity": 6553.8154296875,
  "longbench_results": {
    "baseline": {
      "narrativeqa": 405.45452880859375,
      "hotpotqa": 269.3836364746094,
      "2wikimqa": 420.9513244628906,
      "musique": 211.16970825195312,
      "dureader": 68.05569458007812
    },
    "compressed": {
      "narrativeqa": 14395.7861328125,
      "hotpotqa": 10708.6865234375,
      "2wikimqa": 19989.37109375,
      "musique": 6614.623046875,
      "dureader": 18909458.0
    }
  },
  "config": {
    "name": "distilgpt2",
    "input_dim": 64,
    "latent_dim": 1,
    "batch_size": 64,
    "num_epochs": 10,
    "lr": 0.0001,
    "seed": 42,
    "head_dim": 64,
    "buffer_mult": 2,
    "num_hidden_layers": 6,
    "lm_batch_size": 1,
    "num_attention_heads": 12,
    "eval_interval": 100,
    "config": "src/configs/default_config.json",
    "output_dir": "models",
    "num_train_texts": 10000,
    "num_eval_texts": 200,
    "device": "cuda",
    "max_seq_len": 256,
    "model_name": "distilgpt2",
    "num_runs": 2,
    "cache_sizes": [
      10.0,
      100.0,
      150.0
    ]
  }
}