{
  "raw_baseline_ppl": 72.65527617984746,
  "raw_baseline_overhead_per_token_s": 0.0016658421147960096,
  "memory_footprint_mb": {
    "float32_kv_cache": 0.28125,
    "int2_kv_cache": 0.017578125,
    "ae_int2_compressed_kv_cache": 0.0087890625,
    "int4_kv_cache": 0.03515625,
    "ae_int4_compressed_kv_cache": 0.017578125,
    "int8_kv_cache": 0.0703125,
    "ae_int8_compressed_kv_cache": 0.03515625,
    "int16_kv_cache": 0.140625,
    "ae_int16_compressed_kv_cache": 0.0703125,
    "int32_kv_cache": 0.28125,
    "ae_int32_compressed_kv_cache": 0.140625,
    "generation": {
      "ae_intNone_compressed_kv_cache": 0.017578125,
      "int2_kv_cache": 0.002197265625,
      "ae_int2_compressed_kv_cache": 0.0010986328125,
      "int4_kv_cache": 0.00439453125,
      "ae_int4_compressed_kv_cache": 0.002197265625,
      "int8_kv_cache": 0.0087890625,
      "ae_int8_compressed_kv_cache": 0.00439453125,
      "int16_kv_cache": 0.017578125,
      "ae_int16_compressed_kv_cache": 0.0087890625,
      "int32_kv_cache": 0.03515625,
      "ae_int32_compressed_kv_cache": 0.017578125
    }
  },
  "perplexities": {
    "none": {
      "kv_cache_baseline_ppl": 72.65526145159056,
      "kv_cache_baseline_overhead_per_token_s": 0.006912121068874243,
      "ae_compressed_ppl": 275.1245039026635,
      "avg_decompression_speed_per_token_s": 0.09142993403315204,
      "ae_compressed_overhead_per_token_s": 0.008197923553572042
    },
    "2": {
      "kv_cache_baseline_ppl": 1150.1580654764437,
      "kv_cache_baseline_overhead_per_token_s": 0.009896994102044115,
      "ae_compressed_ppl": 979.148231472025,
      "avg_decompression_speed_per_token_s": 0.14551723405357195,
      "ae_compressed_overhead_per_token_s": 0.00890013358928671
    },
    "4": {
      "kv_cache_baseline_ppl": 97.59075160304072,
      "kv_cache_baseline_overhead_per_token_s": 0.010345790323981564,
      "ae_compressed_ppl": 456.59604977659234,
      "avg_decompression_speed_per_token_s": 0.14627981026020148,
      "ae_compressed_overhead_per_token_s": 0.007730247426020231
    },
    "8": {
      "kv_cache_baseline_ppl": 72.62027976428664,
      "kv_cache_baseline_overhead_per_token_s": 0.009550155875002811,
      "ae_compressed_ppl": 280.298864424699,
      "avg_decompression_speed_per_token_s": 0.14541751111227028,
      "ae_compressed_overhead_per_token_s": 0.009531022010205224
    },
    "16": {
      "kv_cache_baseline_ppl": 72.65478507791465,
      "kv_cache_baseline_overhead_per_token_s": 0.01094964879336402,
      "ae_compressed_ppl": 275.4183840650726,
      "avg_decompression_speed_per_token_s": 0.14286150764541838,
      "ae_compressed_overhead_per_token_s": 0.007582138410711826
    },
    "32": {
      "kv_cache_baseline_ppl": 72.65523378330623,
      "kv_cache_baseline_overhead_per_token_s": 0.01104698141326348,
      "ae_compressed_ppl": 275.1275043333644,
      "avg_decompression_speed_per_token_s": 0.14523610577293766,
      "ae_compressed_overhead_per_token_s": 0.007634458882653617
    }
  },
  "longbench": {
    "baseline": {
      "narrativeqa": 381.91017164632905,
      "hotpotqa": 233.66718798751668,
      "2wikimqa": 381.49076640369594,
      "musique": 183.8177610588584,
      "dureader": 83.32800382969856
    },
    "compressed": {
      "2": {
        "narrativeqa": 2085.014897660862,
        "avg_decompression_speed_per_token_s": {
          "narrativeqa": 0.12438534828887542,
          "hotpotqa": 0.13756561638892764,
          "2wikimqa": 0.13953932660005108,
          "musique": 0.14226933195556057,
          "dureader": 0.14975485418808648
        },
        "hotpotqa": 1538.0422575998996,
        "2wikimqa": 1042.0292834543343,
        "musique": 1093.5203211228645,
        "dureader": 1455.610520632795
      },
      "4": {
        "narrativeqa": 1471.9848926769687,
        "avg_decompression_speed_per_token_s": {
          "narrativeqa": 0.13095722959998915,
          "hotpotqa": 0.13709853436113636,
          "2wikimqa": 0.1354170242375048,
          "musique": 0.14258555820000413,
          "dureader": 0.1397771687525232
        },
        "hotpotqa": 468.0205341557793,
        "2wikimqa": 588.8813843493719,
        "musique": 398.87496803917466,
        "dureader": 324.1004186551689
      },
      "8": {
        "narrativeqa": 1383.2180117696955,
        "avg_decompression_speed_per_token_s": {
          "narrativeqa": 0.1459459233110869,
          "hotpotqa": 0.13924520352774847,
          "2wikimqa": 0.12556211917515725,
          "musique": 0.14070927635554856,
          "dureader": 0.14119705998026721
        },
        "hotpotqa": 446.0205341557793,
        "2wikimqa": 550.8813843493719,
        "musique": 382.87496803917466,
        "dureader": 270.1004186551689
      },
      "16": {
        "narrativeqa": 1294.1907810821701,
        "avg_decompression_speed_per_token_s": {
          "narrativeqa": 0.12478379415549373,
          "hotpotqa": 0.145942637092563,
          "2wikimqa": 0.14059489890000948,
          "musique": 0.13546694297782047,
          "dureader": 0.1372121938316666
        },
        "hotpotqa": 445.8205341557793,
        "2wikimqa": 550.5813843493719,
        "musique": 382.77496803917466,
        "dureader": 269.9004186551689
      },
      "32": {
        "narrativeqa": 1294.1306500897835,
        "avg_decompression_speed_per_token_s": {
          "narrativeqa": 0.17562543691111235,
          "hotpotqa": 0.13392981873141602,
          "2wikimqa": 0.14213977337497283,
          "musique": 0.13652338262215077,
          "dureader": 0.14447385600990154
        },
        "hotpotqa": 445.5205341557793,
        "2wikimqa": 550.0813843493719,
        "musique": 382.47496803917466,
        "dureader": 269.7904186551689
      }
    }
  },
  "examples": [
    {
      "prompt": " = Robert Boulter = \n",
      "raw": " = Robert Boulter = \nThe most important thing I have learned from the success of my career is the success of my business design",
      "kv_quant": " = Robert Boulter = \n\n\n\n\n\n\n\nI just the latest \"In the original, the second chance.",
      "ae_compressed": " = Robert Boulter = \n\n\n of De Ho on of of de of of in of of of of on this on on of",
      "decompression_time_first_token_s": 0.0054381869999815535
    },
    {
      "prompt": " Robert Boulter is an English film , television and theatre actor . He had a guest @-@ starring role on the television series The Bill in 2000 . This was followed by a starring role in the play Herons written by Simon Stephens , which was performed in 2001 at the Royal Court Theatre . He had a guest role in the television series Judge John Deed in 2002 . In 2004 Boulter landed a role as \" Craig \" in the episode \" Teddy 's Story \" of the television series The Long Firm ; he starred alongside actors Mark Strong and Derek Jacobi . He was cast in the 2005 theatre productions of the Philip Ridley play Mercury Fur , which was performed at the Drum Theatre in Plymouth and the Menier Chocolate Factory in London . He was directed by John Tiffany and starred alongside Ben Whishaw , Shane Zaza , Harry Kent , Fraser Ayres , Sophie Stanton and Dominic Hall . \n",