{
  "raw_baseline_ppl": 72.65527617984746,
  "raw_baseline_overhead_per_token_s": 0.000578245982142722,
  "memory_footprint_mb": {
    "float32_kv_cache": 0.28125,
    "int2_kv_cache": 0.017578125,
    "ae_int2_compressed_kv_cache": 0.0087890625,
    "int4_kv_cache": 0.03515625,
    "ae_int4_compressed_kv_cache": 0.017578125,
    "int8_kv_cache": 0.0703125,
    "ae_int8_compressed_kv_cache": 0.03515625,
    "int16_kv_cache": 0.140625,
    "ae_int16_compressed_kv_cache": 0.0703125,
    "int32_kv_cache": 0.28125,
    "ae_int32_compressed_kv_cache": 0.140625,
    "generation": {
      "ae_intNone_compressed_kv_cache": 0.017578125,
      "int2_kv_cache": 0.002197265625,
      "ae_int2_compressed_kv_cache": 0.0010986328125,
      "int4_kv_cache": 0.00439453125,
      "ae_int4_compressed_kv_cache": 0.002197265625,
      "int8_kv_cache": 0.0087890625,
      "ae_int8_compressed_kv_cache": 0.00439453125,
      "int16_kv_cache": 0.017578125,
      "ae_int16_compressed_kv_cache": 0.0087890625,
      "int32_kv_cache": 0.03515625,
      "ae_int32_compressed_kv_cache": 0.017578125
    }
  },
  "perplexities": {
    "none": {
      "kv_cache_baseline_ppl": 72.65526145159056,
      "kv_cache_baseline_overhead_per_token_s": 0.005805839767858151,
      "ae_compressed_ppl": 166.94731623573153,
      "avg_decompression_speed_per_token_s": 0.05091487125506413,
      "ae_compressed_overhead_per_token_s": 0.0071977800816331785
    },
    "2": {
      "kv_cache_baseline_ppl": 1150.1580654764437,
      "kv_cache_baseline_overhead_per_token_s": 0.009595592025505084,
      "ae_compressed_ppl": 1097.0654906390396,
      "avg_decompression_speed_per_token_s": 0.10348619383162683,
      "ae_compressed_overhead_per_token_s": 0.008039207099488745
    },
    "4": {
      "kv_cache_baseline_ppl": 97.59075160304072,
      "kv_cache_baseline_overhead_per_token_s": 0.010455075132655362,
      "ae_compressed_ppl": 232.00535512052494,
      "avg_decompression_speed_per_token_s": 0.10081457896941187,
      "ae_compressed_overhead_per_token_s": 0.007146598882652237
    },
    "8": {
      "kv_cache_baseline_ppl": 72.65527976428664,
      "kv_cache_baseline_overhead_per_token_s": 0.009935868785712686,
      "ae_compressed_ppl": 168.7076755060641,
      "avg_decompression_speed_per_token_s": 0.1020812271249809,
      "ae_compressed_overhead_per_token_s": 0.008216173885202818
    },
    "16": {
      "kv_cache_baseline_ppl": 72.65478507791465,
      "kv_cache_baseline_overhead_per_token_s": 0.009918877729590197,
      "ae_compressed_ppl": 166.9017575045428,
      "avg_decompression_speed_per_token_s": 0.10138559953321878,
      "ae_compressed_overhead_per_token_s": 0.0071319753163242685
    },
    "32": {
      "kv_cache_baseline_ppl": 72.65523378330623,
      "kv_cache_baseline_overhead_per_token_s": 0.009612612869899197,
      "ae_compressed_ppl": 166.94726779363728,
      "avg_decompression_speed_per_token_s": 0.10376408418616444,
      "ae_compressed_overhead_per_token_s": 0.007179795566333162
    }
  },
  "longbench": {
    "baseline": {
      "narrativeqa": 381.91017164632905,
      "hotpotqa": 233.66718798751668,
      "2wikimqa": 381.49076640369594,
      "musique": 183.8177610588584,
      "dureader": 83.32800382969856
    },
    "compressed": {
      "2": {
        "narrativeqa": 2885.381106006649,
        "avg_decompression_speed_per_token_s": {
          "narrativeqa": 0.08733421284448721,
          "hotpotqa": 0.09761667859264957,
          "2wikimqa": 0.10332194662498466,
          "musique": 0.1020726581332964,
          "dureader": 0.09497454788122535
        },
        "hotpotqa": 1736.0422575998996,
        "2wikimqa": 1182.0292834543343,
        "musique": 1123.5203211228645,
        "dureader": 1520.610520632795
      },
      "4": {
        "narrativeqa": 1673.5623182792197,
        "avg_decompression_speed_per_token_s": {
          "narrativeqa": 0.10261696675562841,
          "hotpotqa": 0.09463068696300912,
          "2wikimqa": 0.08654275073758697,
          "musique": 0.09773854727771626,
          "dureader": 0.10206919027725217
        },
        "hotpotqa": 498.99329980527125,
        "2wikimqa": 661.0741512653633,
        "musique": 440.0994668202088,
        "dureader": 470.98499772941483
      },
      "8": {
        "narrativeqa": 1472.272629557656,
        "avg_decompression_speed_per_token_s": {
          "narrativeqa": 0.08894421722236782,
          "hotpotqa": 0.09993266116671756,
          "2wikimqa": 0.10287500341255225,
          "musique": 0.09825386866662535,
          "dureader": 0.1015993774555191
        },
        "hotpotqa": 448.2246260401749,
        "2wikimqa": 560.1977737382964,
        "musique": 387.4510390788074,
        "dureader": 274.1500933771977
        
      },
      "16": {
        "narrativeqa": 1379.8396316266767,
        "avg_decompression_speed_per_token_s": {
          "narrativeqa": 0.10043322619991765,
          "hotpotqa": 0.10085106172213214,
          "2wikimqa": 0.0938802481626169,
          "musique": 0.0950174490444422,
          "dureader": 0.10127610449503753
        },
        "hotpotqa": 450.51712832946924,
        "2wikimqa": 558.1079020934058,
        "musique": 385.47459068087437,
        "dureader": 273.7576327992098
      },
      "32": {
        "narrativeqa": 1379.8177288543793,
        "avg_decompression_speed_per_token_s": {
          "narrativeqa": 0.10117104355564759,
          "hotpotqa": 0.10650416203708346,
          "2wikimqa": 0.09541757937516308,
          "musique": 0.09902346372215713,
          "dureader": 0.09535459600005476
        },
        "hotpotqa": 450.5205341557793,
        "2wikimqa": 558.0813843493719,
        "musique": 385.47496803917466,
        "dureader": 273.7904186551689
      }
    }
  },
  "examples": [
    {
      "prompt": " = Robert Boulter = \n",
      "raw": " = Robert Boulter = \n\nIf I ever need any new pieces in the works?\nThe first thing I noticed in this",
      "kv_quant": " = Robert Boulter = \n\n\n\n\n\n\nFor the original [Ein\n\n\n\n\n\n\n\n",
      "ae_compressed": " = Robert Boulter = \nWhen We\nWhat\nWhat\n\n\nWhat\nWhat\nWhat\nWhat\nWhat\nWhat",
      "decompression_time_first_token_s": 0.005873269999938202
    },
    {
      "prompt": " Robert Boulter is an English film , television and theatre actor . He had a guest @-@ starring role on the television series The Bill in 2000 . This was followed by a starring role in the play Herons written by Simon Stephens , which was performed in 2001 at the Royal Court Theatre . He had a guest role in the television series Judge John Deed in 2002 . In 2004 Boulter landed a role as \" Craig \" in the episode \" Teddy 's Story \" of the television series The Long Firm ; he starred alongside actors Mark Strong and Derek Jacobi . He was cast in the 2005 theatre productions of the Philip Ridley play Mercury Fur , which was performed at the Drum Theatre in Plymouth and the Menier Chocolate Factory in London . He was directed by John Tiffany and starred alongside Ben Whishaw , Shane Zaza , Harry Kent , Fraser Ayres , Sophie Stanton and Dominic Hall . \n",