{
  "baseline_perplexity": 26.284679412841797,
  "compressed_perplexity": 5486.0166015625,
  "longbench_results": {
    "baseline": {
      "narrativeqa": 169.22850036621094,
      "hotpotqa": 54.185264587402344,
      "2wikimqa": 102.30438995361328,
      "musique": 62.729068756103516,
      "dureader": 402.3048095703125
    },
    "compressed": {
      "narrativeqa": 11034.6435546875,
      "hotpotqa": 6090.89892578125,
      "2wikimqa": 10491.220703125,
      "musique": 3965.2080078125,
      "dureader": 21232.197265625
    }
  },
  "benchmarks": {
    "1": {
      "actual_size_mb": 0.875,
      "compressed_size_mb": 0.109375,
      "compression_ratio": 8.0,
      "times": {
        "baseline": {
          "avg": 0.0410916805267334,
          "std_dev": 0.0021320744835907563
        },
        "compressed": {
          "avg": 0.04834661483764648,
          "std_dev": 0.005643387992284365
        }
      },
      "speedup": 0.8499391459924135
    },
    "10": {
      "actual_size_mb": 9.84375,
      "compressed_size_mb": 1.23046875,
      "compression_ratio": 8.0,
      "times": {
        "baseline": {
          "avg": 0.0421147346496582,
          "std_dev": 0.0010497739252480632
        },
        "compressed": {
          "avg": 0.044998455047607425,
          "std_dev": 0.0007777416272226943
        }
      },
      "speedup": 0.9359151243104168
    },
    "100": {
      "actual_size_mb": 99.96875,
      "compressed_size_mb": 12.49609375,
      "compression_ratio": 8.0,
      "times": {
        "baseline": {
          "avg": 0.04211645126342774,
          "std_dev": 0.0002371796556955168
        },
        "compressed": {
          "avg": 0.045389556884765626,
          "std_dev": 0.0036767734440173857
        }
      },
      "speedup": 0.9278885751264855
    },
    "1000": {
      "actual_size_mb": 999.90625,
      "compressed_size_mb": 124.98828125,
      "compression_ratio": 8.0,
      "times": {
        "baseline": {
          "avg": 0.044893312454223636,
          "std_dev": 0.005246123120195955
        },
        "compressed": {
          "avg": 0.04383683204650879,
          "std_dev": 0.0008258341903175475
        }
      },
      "speedup": 1.0241002909743562
    }
  },
  "config": {
    "models": [
      "Qwen/Qwen2.5-0.5B"
    ],
    "latent_dims": [
      16
    ],
    "learning_rates": [
      0.0005
    ],
    "num_epochs": [
      5
    ],
    "num_train_texts": [
      10000
    ],
    "seed": 42,
    "skip_training": false,
    "quantization_bits": 8,
    "output_dir": "/content/learned-kv-compression/experiment_results_Qwen/Qwen_Qwen2.5-0.5B/benchmark_Qwen_Qwen2.5-0.5B_latent16_lr0.0005_quant8_batch64_runs5",
    "eval_interval": 10000,
    "num_eval_texts": 25,
    "lm_batch_size": 1,
    "buffer_size": 256,
    "batch_size": 64,
    "dtype": "bf16",
    "buffer_mult": 2,
    "gradient_accumulation_steps": 2,
    "device": "cuda",
    "name": "Qwen/Qwen2.5-0.5B",
    "num_hidden_layers": 24,
    "num_attention_heads": 14,
    "max_seq_len": 8192,
    "hidden_size": 896,
    "vocab_size": 151936,
    "model_name": "Qwen/Qwen2.5-0.5B",
    "latent_dim": 16,
    "num_runs": 5,
    "cache_sizes": [
      1,
      10,
      100,
      1000
    ],
    "autoencoder_path": "/content/learned-kv-compression/experiment_results_Qwen/Qwen_Qwen2.5-0.5B/Qwen_Qwen2.5-0.5B_latent16_lr0.0005/autoencoders_final.pth",
    "learning_rate": 0.0005
  }
}