{
  "raw_baseline_ppl": 76.18887960585432,
  "perplexities": {
    "2": {
      "kv_cache_baseline_ppl": 1310.360301223768,
      "ae_compressed_ppl": 1137.2834097147907
    },
    "4": {
      "kv_cache_baseline_ppl": 104.05714632878933,
      "ae_compressed_ppl": 250.2732103235939
    },
    "8": {
      "kv_cache_baseline_ppl": 76.31021940276881,
      "ae_compressed_ppl": 196.78305855935776
    },
    "16": {
      "kv_cache_baseline_ppl": 76.18937500207109,
      "ae_compressed_ppl": 197.95865919223257
    }
  },
  "longbench": {
    "baseline": {
      "narrativeqa": 407.3130153491795,
      "hotpotqa": 203.81953877686868,
      "2wikimqa": 378.60330670480374,
      "musique": 227.3991539190946,
      "dureader": 87.072978501151
    },
    "compressed": {
      "2": {
        "narrativeqa": 2516.838598979326,
        "hotpotqa": 1844.325491765288,
        "2wikimqa": 1710.085445545337,
        "musique": 1345.1576763837522,
        "dureader": 1367.9156904401098
      },
      "4": {
        "narrativeqa": 1528.7371996405143,
        "hotpotqa": 434.6182423080826,
        "2wikimqa": 747.4682504033116,
        "musique": 534.463237833264,
        "dureader": 444.5331177965014
      },
      "8": {
        "narrativeqa": 1249.1383410236795,
        "hotpotqa": 386.37784903826645,
        "2wikimqa": 617.7448693377889,
        "musique": 465.1979373290558,
        "dureader": 298.27378810873694
      },
      "16": {
        "narrativeqa": 1247.2356833959414,
        "hotpotqa": 386.4454070180019,
        "2wikimqa": 616.6667313460879,
        "musique": 464.5007285505886,
        "dureader": 296.9041373909442
      }
    }
  },
  "examples": [
    {
      "prompt": " = Robert Boulter = \n",
      "raw": " = Robert Boulter = \n\n\n\n\n\n\n\n\n\n\n\n\n\n\n\n\n\n\n\n\n",
      "kv_quant": " = Robert Boulter = \n\n\n\n\n\n\n\n\n\n\nRoc. 2\n\n\n\n\n\n",
      "ae_compressed": " = Robert Boulter = \nIn 1983 he was appointed as the US Federal Marshall Marshall Marshall Marshall Marshall Marshall Marshall Marshall Marshall Marshall Marshall"
    },
    {
      "prompt": " Robert Boulter is an English film , television and theatre actor . He had a guest @-@ starring role on the television series The Bill in 2000 . This was followed by a starring role in the play Herons written by Simon Stephens , which was performed in 2001 at the Royal Court Theatre . He had a guest role in the television series Judge John Deed in 2002 . In 2004 Boulter landed a role as \" Craig \" in the episode \" Teddy 's Story \" of the television series The Long Firm ; he starred alongside actors Mark Strong and Derek Jacobi . He was cast in the 2005 theatre productions of the Philip Ridley play Mercury Fur , which was performed at the Drum Theatre in Plymouth and the Menier Chocolate Factory in London . He was directed by John Tiffany and starred alongside Ben Whishaw , Shane Zaza , Harry Kent , Fraser Ayres , Sophie Stanton and Dominic Hall . \n",
      "raw": " Robert Boulter is an English film , television and theatre actor . He had a guest @-@ starring role on the television series The Bill in 2000 . This was followed by a starring role in the play Herons written by Simon Stephens , which was performed in 2001 at the Royal Court Theatre . He had a guest role in the television series Judge John Deed in 2002 . In 2004 Boulter landed a role as \" Craig \" in the episode \" Teddy 's Story \" of the television series The Long Firm ; he starred alongside actors Mark Strong and Derek Jacobi . He was cast in the 2005 theatre productions of the Philip Ridley play Mercury Fur , which was performed at the Drum Theatre in Plymouth and the Menier Chocolate Factory in London . He was directed by John Tiffany and starred alongside Ben Whishaw , Shane Zaza , Harry Kent , Fraser Ayres , Sophie Stanton and Dominic Hall . \n\n\nBiography\n\n\n\n\n\n\nThe script:\n\nWilliam J. Bennett",
      "kv_quant": " Robert Boulter is an English film , television and theatre actor . He had a guest @-@ starring role on the television series The Bill in 2000 . This was followed by a starring role in the play Herons written by Simon Stephens , which was performed in 2001 at the Royal Court Theatre . He had a guest role in the television series Judge John Deed in 2002 . In 2004 Boulter landed a role as \" Craig \" in the episode \" Teddy 's Story \" of the television series The Long Firm ; he starred alongside actors Mark Strong and Derek Jacobi . He was cast in the 2005 theatre productions of the Philip Ridley play Mercury Fur , which was performed at the Drum Theatre in Plymouth and the Menier Chocolate Factory in London . He was directed by John Tiffany and starred alongside Ben Whishaw , Shane Zaza , Harry Kent , Fraser Ayres , Sophie Stanton and Dominic Hall . \nB-26 and a \"l. This is a full time is a full time, in many",
      "ae_compressed": " Robert Boulter is an English film , television and theatre actor . He had a guest @-@ starring role on the television series The Bill in 2000 . This was followed by a starring role in the play Herons written by Simon Stephens , which was performed in 2001 at the Royal Court Theatre . He had a guest role in the television series Judge John Deed in 2002 . In 2004 Boulter landed a role as \" Craig \" in the episode \" Teddy 's Story \" of the television series The Long Firm ; he starred alongside actors Mark Strong and Derek Jacobi . He was cast in the 2005 theatre productions of the Philip Ridley play Mercury Fur , which was performed at the Drum Theatre in Plymouth and the Menier Chocolate Factory in London . He was directed by John Tiffany and starred alongside Ben Whishaw , Shane Zaza , Harry Kent , Fraser Ayres , Sophie Stanton and Dominic Hall . \n\u00a0he/she-he- he- she- a- she- she- he- she"
    },
    {
      "prompt": " In 2006 , Boulter starred alongside Whishaw in the play Citizenship written by Mark Ravenhill . He appeared on a 2006 episode of the television series , Doctors , followed by a role in the 2007 theatre production of How to Curse directed by Josie Rourke . How to Curse was performed at Bush Theatre in the London Borough of Hammersmith and Fulham . Boulter starred in two films in 2008 , Daylight Robbery by filmmaker Paris Leonti , and Donkey Punch directed by Olly Blackburn . In May 2008 , Boulter made a guest appearance on a two @-@ part episode arc of the television series Waking the Dead , followed by an appearance on the television series Survivors in November 2008 . He had a recurring role in ten episodes of the television series Casualty in 2010 , as \" Kieron Fletcher \" . Boulter starred in the 2011 film Mercenaries directed by Paris Leonti . \n",
      "raw": " In 2006 , Boulter starred alongside Whishaw in the play Citizenship written by Mark Ravenhill . He appeared on a 2006 episode of the television series , Doctors , followed by a role in the 2007 theatre production of How to Curse directed by Josie Rourke . How to Curse was performed at Bush Theatre in the London Borough of Hammersmith and Fulham . Boulter starred in two films in 2008 , Daylight Robbery by filmmaker Paris Leonti , and Donkey Punch directed by Olly Blackburn . In May 2008 , Boulter made a guest appearance on a two @-@ part episode arc of the television series Waking the Dead , followed by an appearance on the television series Survivors in November 2008 . He had a recurring role in ten episodes of the television series Casualty in 2010 , as \" Kieron Fletcher \" . Boulter starred in the 2011 film Mercenaries directed by Paris Leonti . \n\n\n\n\n\n\n\n\n\n\n\n\n\n\n\n\n\n\nYou",