{
  "raw_baseline_ppl": 72.65527617984746,
  "perplexities": {
    "none": {
      "kv_cache_baseline_ppl": 72.65526145159056,
      "ae_compressed_ppl": 2176.1245039026635,
      "avg_decompression_speed_per_token_s": 0.029276312775420723
    },
    "2": {
      "kv_cache_baseline_ppl": 1150.1580654764437,
      "ae_compressed_ppl": 8679.148231472025,
      "avg_decompression_speed_per_token_s": 0.03365997377291627
    },
    "4": {
      "kv_cache_baseline_ppl": 97.59075160304072,
      "ae_compressed_ppl": 456.59604977659234,
      "avg_decompression_speed_per_token_s": 0.03451909436478914
    },
    "8": {
      "kv_cache_baseline_ppl": 72.62027976428664,
      "ae_compressed_ppl": 1902.298864424699,
      "avg_decompression_speed_per_token_s": 0.0338308241581537
    },
    "16": {
      "kv_cache_baseline_ppl": 72.65478507791465,
      "ae_compressed_ppl": 2175.4183840650726,
      "avg_decompression_speed_per_token_s": 0.03383595543616199
    },
    "32": {
      "kv_cache_baseline_ppl": 72.65523378330623,
      "ae_compressed_ppl": 2176.1275043333644,
      "avg_decompression_speed_per_token_s": 0.03365059129593324
    }
  },
  "longbench": {
    "baseline": {
      "narrativeqa": 381.91017164632905,
      "hotpotqa": 233.66718798751668,
      "2wikimqa": 381.49076640369594,
      "musique": 183.8177610588584,
      "dureader": 83.32800382969856
    },
    "compressed": {
      "2": {
        "narrativeqa": 13415.014897660862,
        "avg_decompression_speed_per_token_s": {
          "narrativeqa": 0.032146733822193914,
          "hotpotqa": 0.03298983336113721,
          "2wikimqa": 0.03467100793743896,
          "musique": 0.03391334552238732,
          "dureader": 0.0339809882672227
        },
        "hotpotqa": 16725.689555434947,
        "2wikimqa": 28343.10240784849,
        "musique": 13066.153472969821,
        "dureader": 2692548.8745464943
      },
      "4": {
        "narrativeqa": 2097.9848926769687,
        "avg_decompression_speed_per_token_s": {
          "narrativeqa": 0.028855727799949212,
          "hotpotqa": 0.03189577562040279,
          "2wikimqa": 0.031071844500044677,
          "musique": 0.033425388388877764,
          "dureader": 0.0334520149604482
        },
        "hotpotqa": 787.8842004445007,
        "2wikimqa": 939.8331494219927,
        "musique": 581.0387697259224,
        "dureader": 997.5249335540706
      },
      "8": {
        "narrativeqa": 1471.2180117696955,
        "avg_decompression_speed_per_token_s": {
          "narrativeqa": 0.0355991503555035,
          "hotpotqa": 0.0333423666758866,
          "2wikimqa": 0.03507419095007265,
          "musique": 0.0304964695556464,
          "dureader": 0.030388333999891336
        },
        "hotpotqa": 802.284734235701,
        "2wikimqa": 681.6802542923089,
        "musique": 539.779110360653,
        "dureader": 707.6436972651669
      },
      "16": {
        "narrativeqa": 1483.1907810821701,
        "avg_decompression_speed_per_token_s": {
          "narrativeqa": 0.03177122506677835,
          "hotpotqa": 0.03296516347221415,
          "2wikimqa": 0.03254733676247099,
          "musique": 0.032523984888926966,
          "dureader": 0.03379505437620573
        },
        "hotpotqa": 798.1340135693624,
        "2wikimqa": 676.287152940246,
        "musique": 531.6343571221232,
        "dureader": 658.044266761444
      },
      "32": {
        "narrativeqa": 1483.2306500897835,
        "avg_decompression_speed_per_token_s": {
          "narrativeqa": 0.035354452577869074,
          "hotpotqa": 0.03359118890729936,
          "2wikimqa": 0.03455169356245165,
          "musique": 0.03401387290005005,
          "dureader": 0.03418790527712865
        },
        "hotpotqa": 798.184172797421,
        "2wikimqa": 676.3252204976882,
        "musique": 531.5945550737279,
        "dureader": 658.0478086399216
      }
    }
  },
  "examples": [
    {
      "prompt": " = Robert Boulter = \n",
      "raw": " = Robert Boulter = \n\n\n\n\n\n\n\n\n\n\n\n\n\n\n\n\n\n\n\n\n",
      "kv_quant": " = Robert Boulter = \n\n\n\n\nIn his name is up for news\nBut it's The New and a little",
      "ae_compressed": " = Robert Boulter = \n\n\u2014 2 on\n\n\n\n\n  of on\n:  of on on of at over",
      "decompression_time_first_token_s": 0.004647624999961408
    },
    {
      "prompt": " Robert Boulter is an English film , television and theatre actor . He had a guest @-@ starring role on the television series The Bill in 2000 . This was followed by a starring role in the play Herons written by Simon Stephens , which was performed in 2001 at the Royal Court Theatre . He had a guest role in the television series Judge John Deed in 2002 . In 2004 Boulter landed a role as \" Craig \" in the episode \" Teddy 's Story \" of the television series The Long Firm ; he starred alongside actors Mark Strong and Derek Jacobi . He was cast in the 2005 theatre productions of the Philip Ridley play Mercury Fur , which was performed at the Drum Theatre in Plymouth and the Menier Chocolate Factory in London . He was directed by John Tiffany and starred alongside Ben Whishaw , Shane Zaza , Harry Kent , Fraser Ayres , Sophie Stanton and Dominic Hall . \n",
      "raw": " Robert Boulter is an English film , television and theatre actor . He had a guest @-@ starring role on the television series The Bill in 2000 . This was followed by a starring role in the play Herons written by Simon Stephens , which was performed in 2001 at the Royal Court Theatre . He had a guest role in the television series Judge John Deed in 2002 . In 2004 Boulter landed a role as \" Craig \" in the episode \" Teddy 's Story \" of the television series The Long Firm ; he starred alongside actors Mark Strong and Derek Jacobi . He was cast in the 2005 theatre productions of the Philip Ridley play Mercury Fur , which was performed at the Drum Theatre in Plymouth and the Menier Chocolate Factory in London . He was directed by John Tiffany and starred alongside Ben Whishaw , Shane Zaza , Harry Kent , Fraser Ayres , Sophie Stanton and Dominic Hall . \n\n\nThe following is an extract from his play \" The Bill\".\n\nBoulter is",
      "kv_quant": " Robert Boulter is an English film , television and theatre actor . He had a guest @-@ starring role on the television series The Bill in 2000 . This was followed by a starring role in the play Herons written by Simon Stephens , which was performed in 2001 at the Royal Court Theatre . He had a guest role in the television series Judge John Deed in 2002 . In 2004 Boulter landed a role as \" Craig \" in the episode \" Teddy 's Story \" of the television series The Long Firm ; he starred alongside actors Mark Strong and Derek Jacobi . He was cast in the 2005 theatre productions of the Philip Ridley play Mercury Fur , which was performed at the Drum Theatre in Plymouth and the Menier Chocolate Factory in London . He was directed by John Tiffany and starred alongside Ben Whishaw , Shane Zaza , Harry Kent , Fraser Ayres , Sophie Stanton and Dominic Hall . \n\n\nOn the \u202a (D The \"t has this. More\n\n\nIn-",