{
  "baseline_perplexity": 112.51358032226562,
  "compressed_perplexity": 4303161.0,
  "longbench_results": {
    "baseline": {
      "narrativeqa": 468.2626037597656,
      "hotpotqa": 235.1893768310547,
      "2wikimqa": 426.66851806640625,
      "musique": 227.4522705078125,
      "dureader": 69.30583953857422
    },
    "compressed": {
      "narrativeqa": 3811.318115234375,
      "hotpotqa": 3838.86328125,
      "2wikimqa": 3077.540771484375,
      "musique": 2320.328369140625,
      "dureader": 10018.509765625
    }
  },
  "benchmarks": {
    "1": {
      "actual_size_mb": 0.9375,
      "compressed_size_mb": 0.05859375,
      "compression_ratio": 16.0,
      "times": {
        "baseline": {
          "avg": 0.007721424102783203,
          "std_dev": 0.0005839095592268236
        },
        "compressed": {
          "avg": 0.007995510101318359,
          "std_dev": 0.0007292784131680056
        }
      },
      "speedup": 0.9657200109734134
    },
    "10": {
      "actual_size_mb": 9.9375,
      "compressed_size_mb": 0.62109375,
      "compression_ratio": 16.0,
      "times": {
        "baseline": {
          "avg": 0.007491207122802735,
          "std_dev": 6.27251325032887e-05
        },
        "compressed": {
          "avg": 0.00785984992980957,
          "std_dev": 0.00010584169556684919
        }
      },
      "speedup": 0.9530979840201902
    },
    "100": {
      "actual_size_mb": 99.9375,
      "compressed_size_mb": 6.24609375,
      "compression_ratio": 16.0,
      "times": {
        "baseline": {
          "avg": 0.007531929016113281,
          "std_dev": 6.261189649526645e-05
        },
        "compressed": {
          "avg": 0.007717800140380859,
          "std_dev": 3.401637442876042e-05
        }
      },
      "speedup": 0.9759165667824089
    },
    "1000": {
      "actual_size_mb": 192.0,
      "compressed_size_mb": 12.0,
      "compression_ratio": 16.0,
      "times": {
        "baseline": {
          "avg": 0.007418346405029297,
          "std_dev": 6.795162063099008e-05
        },
        "compressed": {
          "avg": 0.00755915641784668,
          "std_dev": 2.091168800056443e-05
        }
      },
      "speedup": 0.9813722583534665
    }
  },
  "config": {
    "models": [
      "distilgpt2"
    ],
    "latent_dims": [
      16,
      32
    ],
    "learning_rates": [
      0.0005
    ],
    "num_epochs": [
      10
    ],
    "num_train_texts": [
      50000
    ],
    "seed": 42,
    "skip_training": false,
    "quantization_bits": 4,
    "output_dir": "/content/learned-kv-compression/experiment_results_distilgpt2/distilgpt2/benchmark_distilgpt2_latent16_lr0.0005_quant4_batch64_runs5",
    "eval_interval": 10000,
    "num_eval_texts": 50,
    "lm_batch_size": 1,
    "buffer_size": 256,
    "batch_size": 64,
    "dtype": "bf16",
    "buffer_mult": 2,
    "gradient_accumulation_steps": 2,
    "device": "cuda",
    "name": "distilgpt2",
    "num_hidden_layers": 6,
    "num_attention_heads": 12,
    "max_seq_len": 1024,
    "hidden_size": 768,
    "vocab_size": 50257,
    "cache_sizes": [
      1,
      10,
      100,
      1000
    ],
    "model_name": "distilgpt2",
    "latent_dim": 16,
    "num_runs": 5,
    "autoencoder_path": "/content/learned-kv-compression/experiment_results_distilgpt2/distilgpt2/distilgpt2_latent16_lr0.0005/autoencoders_final.pth",
    "learning_rate": 0.0005
  }
}