{
  "baseline_perplexity": 2125.33447265625,
  "compressed_perplexity": 7675.88525390625,
  "longbench_results": {
    "baseline": {
      "narrativeqa": 169.22850036621094,
      "hotpotqa": 54.185264587402344,
      "2wikimqa": 102.30438995361328,
      "musique": 62.729068756103516,
      "dureader": 402.3048095703125
    },
    "compressed": {
      "narrativeqa": 13287.6435546875,
      "hotpotqa": 5551.22412109375,
      "2wikimqa": 12035.2783203125,
      "musique": 4516.94970703125,
      "dureader": 18269.5
    }
  },
  "benchmarks": {
    "1": {
      "actual_size_mb": 0.875,
      "compressed_size_mb": 0.02734375,
      "compression_ratio": 32.0,
      "times": {
        "baseline": {
          "avg": 0.04398212432861328,
          "std_dev": 0.004447353033425759
        },
        "compressed": {
          "avg": 0.04500398635864258,
          "std_dev": 0.0007297871836970223
        }
      },
      "speedup": 0.9772939663192067
    },
    "10": {
      "actual_size_mb": 9.84375,
      "compressed_size_mb": 0.3076171875,
      "compression_ratio": 32.0,
      "times": {
        "baseline": {
          "avg": 0.04162578582763672,
          "std_dev": 0.000475839725615429
        },
        "compressed": {
          "avg": 0.043902587890625,
          "std_dev": 0.0005074839543947734
        }
      },
      "speedup": 0.948139684415404
    },
    "100": {
      "actual_size_mb": 99.96875,
      "compressed_size_mb": 3.1240234375,
      "compression_ratio": 32.0,
      "times": {
        "baseline": {
          "avg": 0.04502015113830567,
          "std_dev": 0.001773823354800541
        },
        "compressed": {
          "avg": 0.04554152488708496,
          "std_dev": 0.0012001702267664786
        }
      },
      "speedup": 0.9885516844226894
    },
    "1000": {
      "actual_size_mb": 999.90625,
      "compressed_size_mb": 31.2470703125,
      "compression_ratio": 32.0,
      "times": {
        "baseline": {
          "avg": 0.04179701805114746,
          "std_dev": 0.00027281114438766624
        },
        "compressed": {
          "avg": 0.046671390533447266,
          "std_dev": 0.005147418893969849
        }
      },
      "speedup": 0.8955597331344443
    }
  },
  "config": {
    "models": [
      "Qwen/Qwen2.5-0.5B"
    ],
    "latent_dims": [
      8
    ],
    "learning_rates": [
      0.0005
    ],
    "num_epochs": [
      5
    ],
    "num_train_texts": [
      10000
    ],
    "seed": 42,
    "skip_training": false,
    "quantization_bits": 4,
    "output_dir": "/content/learned-kv-compression/experiment_results_Qwen/Qwen_Qwen2.5-0.5B/benchmark_Qwen_Qwen2.5-0.5B_latent8_lr0.0005_quant4_batch64_runs5",
    "eval_interval": 10000,
    "num_eval_texts": 25,
    "lm_batch_size": 1,
    "buffer_size": 256,
    "batch_size": 64,
    "dtype": "bf16",
    "buffer_mult": 2,
    "gradient_accumulation_steps": 2,
    "device": "cuda",
    "name": "Qwen/Qwen2.5-0.5B",
    "num_hidden_layers": 24,
    "num_attention_heads": 14,
    "max_seq_len": 8192,
    "hidden_size": 896,
    "vocab_size": 151936,
    "model_name": "Qwen/Qwen2.5-0.5B",
    "latent_dim": 8,
    "num_runs": 5,
    "cache_sizes": [
      1,
      10,
      100,
      1000
    ],
    "autoencoder_path": "/content/learned-kv-compression/experiment_results_Qwen/Qwen_Qwen2.5-0.5B/Qwen_Qwen2.5-0.5B_latent8_lr0.0005/autoencoders_final.pth",
    "learning_rate": 0.0005
  }
}