{
  "raw_baseline_ppl": 76.18886889439891,
  "perplexities": {
    "2": {
      "kv_cache_baseline_ppl": 1310.3607089167404,
      "ae_compressed_ppl": 1035.4464202379954
    },
    "4": {
      "kv_cache_baseline_ppl": 104.02125054863895,
      "ae_compressed_ppl": 473.96960649301093
    },
    "8": {
      "kv_cache_baseline_ppl": 76.3015236776208,
      "ae_compressed_ppl": 425.1404155783703
    },
    "16": {
      "kv_cache_baseline_ppl": 76.188949974006,
      "ae_compressed_ppl": 429.45466912044134
    }
  },
  "longbench": {
    "baseline": {
      "narrativeqa": 407.3130452294854,
      "hotpotqa": 203.81944386958662,
      "2wikimqa": 378.60286540431133,
      "musique": 227.39879374637368,
      "dureader": 87.07292474164453
    },
    "compressed": {
      "2": {
        "narrativeqa": 4206.485197979886,
        "hotpotqa": 1552.7873561316944,
        "2wikimqa": 2256.1133614295654,
        "musique": 1625.2276640634545,
        "dureader": 3226.7210266285183
      },
      "4": {
        "narrativeqa": 2053.9865007021494,
        "hotpotqa": 697.4468699131487,
        "2wikimqa": 954.0172536499566,
        "musique": 640.7073004821133,
        "dureader": 1788.231061668305
      },
      "8": {
        "narrativeqa": 2034.9630069270754,
        "hotpotqa": 670.5239605004401,
        "2wikimqa": 882.7210582645441,
        "musique": 648.0984478026703,
        "dureader": 1201.2000352328682
      },
      "16": {
        "narrativeqa": 2036.0870768257505,
        "hotpotqa": 671.728305228659,
        "2wikimqa": 878.6590035221824,
        "musique": 650.7092155612548,
        "dureader": 1211.8847263181947
      }
    }
  },
  "examples": [
    {
      "prompt": " = Robert Boulter = \n",
      "raw": " = Robert Boulter = \n\n\n\n\n\n\n\n\n\n\n\n\n\n\n\n\n\n\n\n\n",
      "kv_quant": " = Robert Boulter = \nB\n\n\n\nSo far says.\n\n\n\n\u203aI\u2019_at",
      "ae_compressed": " = Robert Boulter = \n\n\n\n\n\n\n\n\n\n\n\n\n\n\n\n\n\n\n\n\n"
    },
    {
      "prompt": " Robert Boulter is an English film , television and theatre actor . He had a guest @-@ starring role on the television series The Bill in 2000 . This was followed by a starring role in the play Herons written by Simon Stephens , which was performed in 2001 at the Royal Court Theatre . He had a guest role in the television series Judge John Deed in 2002 . In 2004 Boulter landed a role as \" Craig \" in the episode \" Teddy 's Story \" of the television series The Long Firm ; he starred alongside actors Mark Strong and Derek Jacobi . He was cast in the 2005 theatre productions of the Philip Ridley play Mercury Fur , which was performed at the Drum Theatre in Plymouth and the Menier Chocolate Factory in London . He was directed by John Tiffany and starred alongside Ben Whishaw , Shane Zaza , Harry Kent , Fraser Ayres , Sophie Stanton and Dominic Hall . \n",
      "raw": " Robert Boulter is an English film , television and theatre actor . He had a guest @-@ starring role on the television series The Bill in 2000 . This was followed by a starring role in the play Herons written by Simon Stephens , which was performed in 2001 at the Royal Court Theatre . He had a guest role in the television series Judge John Deed in 2002 . In 2004 Boulter landed a role as \" Craig \" in the episode \" Teddy 's Story \" of the television series The Long Firm ; he starred alongside actors Mark Strong and Derek Jacobi . He was cast in the 2005 theatre productions of the Philip Ridley play Mercury Fur , which was performed at the Drum Theatre in Plymouth and the Menier Chocolate Factory in London . He was directed by John Tiffany and starred alongside Ben Whishaw , Shane Zaza , Harry Kent , Fraser Ayres , Sophie Stanton and Dominic Hall . \n\n\n\n\n\n\n\n\n\n\n\n\n\n\n\n\n\n\n\n\n",
      "kv_quant": " Robert Boulter is an English film , television and theatre actor . He had a guest @-@ starring role on the television series The Bill in 2000 . This was followed by a starring role in the play Herons written by Simon Stephens , which was performed in 2001 at the Royal Court Theatre . He had a guest role in the television series Judge John Deed in 2002 . In 2004 Boulter landed a role as \" Craig \" in the episode \" Teddy 's Story \" of the television series The Long Firm ; he starred alongside actors Mark Strong and Derek Jacobi . He was cast in the 2005 theatre productions of the Philip Ridley play Mercury Fur , which was performed at the Drum Theatre in Plymouth and the Menier Chocolate Factory in London . He was directed by John Tiffany and starred alongside Ben Whishaw , Shane Zaza , Harry Kent , Fraser Ayres , Sophie Stanton and Dominic Hall . \n\n\n\n\nS.\nToFor those at an hour, the family has more orchard",
      "ae_compressed": " Robert Boulter is an English film , television and theatre actor . He had a guest @-@ starring role on the television series The Bill in 2000 . This was followed by a starring role in the play Herons written by Simon Stephens , which was performed in 2001 at the Royal Court Theatre . He had a guest role in the television series Judge John Deed in 2002 . In 2004 Boulter landed a role as \" Craig \" in the episode \" Teddy 's Story \" of the television series The Long Firm ; he starred alongside actors Mark Strong and Derek Jacobi . He was cast in the 2005 theatre productions of the Philip Ridley play Mercury Fur , which was performed at the Drum Theatre in Plymouth and the Menier Chocolate Factory in London . He was directed by John Tiffany and starred alongside Ben Whishaw , Shane Zaza , Harry Kent , Fraser Ayres , Sophie Stanton and Dominic Hall . \nThe M.Pau N\u00e9 and a first British writer and the second son of Arie ."
    },
    {
      "prompt": " In 2006 , Boulter starred alongside Whishaw in the play Citizenship written by Mark Ravenhill . He appeared on a 2006 episode of the television series , Doctors , followed by a role in the 2007 theatre production of How to Curse directed by Josie Rourke . How to Curse was performed at Bush Theatre in the London Borough of Hammersmith and Fulham . Boulter starred in two films in 2008 , Daylight Robbery by filmmaker Paris Leonti , and Donkey Punch directed by Olly Blackburn . In May 2008 , Boulter made a guest appearance on a two @-@ part episode arc of the television series Waking the Dead , followed by an appearance on the television series Survivors in November 2008 . He had a recurring role in ten episodes of the television series Casualty in 2010 , as \" Kieron Fletcher \" . Boulter starred in the 2011 film Mercenaries directed by Paris Leonti . \n",
      "raw": " In 2006 , Boulter starred alongside Whishaw in the play Citizenship written by Mark Ravenhill . He appeared on a 2006 episode of the television series , Doctors , followed by a role in the 2007 theatre production of How to Curse directed by Josie Rourke . How to Curse was performed at Bush Theatre in the London Borough of Hammersmith and Fulham . Boulter starred in two films in 2008 , Daylight Robbery by filmmaker Paris Leonti , and Donkey Punch directed by Olly Blackburn . In May 2008 , Boulter made a guest appearance on a two @-@ part episode arc of the television series Waking the Dead , followed by an appearance on the television series Survivors in November 2008 . He had a recurring role in ten episodes of the television series Casualty in 2010 , as \" Kieron Fletcher \" . Boulter starred in the 2011 film Mercenaries directed by Paris Leonti . \n\n\n\n\n\n\n\n\n\n\n\n\n\n\n\n\n\n\n\n\n",