{
  "baseline_perplexity": 86.18492889404297,
  "compressed_perplexity": 2879.0185546875,
  "longbench_results": {
    "baseline": {
      "narrativeqa": 405.4547119140625,
      "hotpotqa": 269.3837890625,
      "2wikimqa": 420.951904296875,
      "musique": 211.1696014404297,
      "dureader": 68.05569458007812
    },
    "compressed": {
      "narrativeqa": 2607.59033203125,
      "hotpotqa": 1883.7279052734375,
      "2wikimqa": 2910.572998046875,
      "musique": 1235.0096435546875,
      "dureader": 957.8870849609375
    }
  }
}